3385,8646, 284, 1
3779,10868, 222, 1
4230,18654, 271, 1
3931,3401, 604, 0
3736,4940, 674, 0
3701,18546, 715, 0
3756,2222, 834, 0
3832,61669, 717, 0
3812,962, 28, 0
2901,1366, 42, 0
2928,20160, 760, 0
2962,16478, 647, 0
3006,4754, 796, 0
3131,10530, 719, 0
3157,24701, 837, 0
3075,235, 746, 0
3032,3618, 845, 0
3022,5139, 836, 0
2938,2958, 188, 0
2784,4522, 206, 0
2629,13874, 190, 0
2474,2029, 210, 0
2317,7354, 242, 0
2166,1042, 233, 1
2010,1824, 233, 1
1871,1580, 256, 0
1719,7723, 296, 0
1571,7654, 303, 0
1425,2324, 303, 1
1275,2894, 319, 1
1129,24251, 491, 1
1145,22070, 729, 0
1181,6652, 729, 0
1238,799, 705, 0
1313,7395, 707, 0
1502,8377, 641, 1
1576,5368, 625, 0
1672,3267, 605, 0
1774,3499, 583, 0
1886,441, 534, 0
2017,2023, 559, 0
2154,12349, 394, 1
2263,2145, 550, 0
2381,15202, 398, 1
2510,2678, 511, 0
2637,5681, 495, 0
2779,10240, 421, 0
2915,7768, 473, 0
3015,10154, 745, 1
3031,34236, 465, 0
3056,6714, 712, 1
3089,41600, 926, 0
3134,25632, 509, 0
3182,13078, 737, 0
3236,21568, 576, 0
3227,77419, 1098, 0
3226,24864, 678, 0
3232,18473, 868, 1
3249,41615, 956, 1
3272,56490, 1003, 0
3302,17209, 835, 1
3282,4569, 729, 0
3254,24255, 887, 0
3234,20018, 953, 0
3223,881, 819, 0
2701,7756, 242, 0
2547,72, 243, 1
2396,5929, 253, 1
2282,4133, 528, 1
2416,9398, 555, 0
2541,14317, 617, 0
2674,18395, 536, 0
2822,9437, 448, 0
2955,30024, 374, 0
3087,66522, 0, 1
3094,26702, 709, 0
3110,13316, 837, 0
3134,34212, 910, 0
3169,13213, 814, 0
3210,31091, 900, 0
3257,42477, 579, 0
3263,24825, 600, 0
3264,617, 639, 0
3274,33901, 998, 0
3291,15939, 831, 0
3318,17480, 817, 0
3352,8000, 807, 0
3365,30076, 760, 0
3364,21720, 882, 0
3373,23415, 765, 0
3389,1669, 826, 0
3412,20967, 808, 0
3442,52380, 751, 0
3502,14769, 370, 0
3656,8187, 354, 0
3799,5880, 398, 0
3957,7026, 370, 0
4102,2150, 365, 0
4250,2299, 322, 0
4345,4066, 778, 0
4308,44920, 959, 0
4274,9183, 839, 0
4248,734, 828, 0
4227,13596, 731, 0
4212,26221, 901, 0
4203,11138, 767, 0
4321,1933, 792, 0
4369,5204, 736, 0
4426,46254, 740, 0
4491,871, 650, 0
4547,34118, 873, 0
4612,43371, 731, 1
4681,6275, 738, 0
4763,8040, 749, 1
4841,78595, 650, 0
4927,4419, 641, 0
5039,3, 65, 0
5203,4869, 96, 0
5363,851, 57, 0
5537,546, 55, 0
5697,2451, 81, 1
5871,608, 51, 0
5898,33759, 885, 1
6135,47998, 1078, 0
6210,17182, 718, 0
6284,1033, 81, 0
6444,3150, 54, 0
6604,919, 85, 0
6762,406, 77, 0
6925,2321, 74, 1
7098,313, 71, 0
7258,1107, 76, 0
7226,26321, 858, 0
7193,15471, 669, 0
7161,25653, 805, 0
7128,20128, 850, 0
7107,7822, 883, 0
7092,3894, 826, 0
7106,5445, 710, 0
7124,19533, 850, 0
7146,6386, 778, 0
7170,18921, 1111, 0
7199,9420, 837, 0
7233,14309, 705, 0
7354,989, 425, 0
7494,6959, 416, 0
7642,3352, 374, 0
7826,5999, 561, 0
7711,5656, 598, 0
7609,16066, 605, 0
7498,12212, 788, 0
7398,97917, 682, 0
7491,1065, 603, 0
7592,51108, 668, 0
8085,11657, 825, 0
8124,12375, 676, 0
8162,7929, 825, 0
8205,2882, 778, 0
8251,8235, 752, 0
8375,332, 25, 0
8535,329, 29, 0
8715,952, 36, 0
8871,392, 24, 0
9035,606, 22, 1
9190,53, 27, 1
9245,13231, 708, 1
9215,36010, 1084, 0
9185,15420, 657, 0
9160,11935, 790, 0
9139,54534, 758, 0
9120,14633, 820, 0
9139,7832, 540, 0
9251,12723, 611, 0
9359,13309, 494, 1
9486,20270, 658, 0
9608,5266, 534, 0
9725,3407, 517, 0
9792,7859, 650, 0
9669,15098, 634, 0
9558,7790, 604, 0
9458,16027, 662, 0
9351,8621, 582, 0
9235,4632, 609, 0
9137,75951, 0, 0
9279,8154, 321, 0
9429,2411, 323, 0
9590,3063, 329, 0
9736,10505, 383, 1
9887,3671, 307, 0
10035,2667, 324, 0
9542,26922, 627, 0
9421,497, 466, 0
9293,9283, 389, 0
9160,183, 267, 0
8996,69, 254, 0
8843,5235, 278, 0
8694,4823, 283, 0
8545,4739, 282, 0
8380,1512, 269, 0
8330,17153, 368, 1
8440,2255, 575, 0
8564,1349, 524, 0
8676,4785, 540, 0
8805,7444, 540, 0
8923,611, 548, 0
9039,12378, 259, 0
9175,14627, 465, 1
9762,5424, 406, 1
9904,23058, 684, 1
10032,7637, 489, 0
10164,14084, 457, 0
10308,42219, 491, 0
10436,6246, 462, 0
10570,6733, 442, 0
10688,29897, 0, 0
10545,2138, 300, 0
10388,4157, 331, 0
10243,20263, 515, 0
10100,5797, 372, 0
9958,11003, 415, 0
9811,3594, 352, 1
9927,944, 55, 0
10089,1085, 62, 1
10247,884, 55, 1
10406,148, 56, 1
10580,1628, 61, 1
10743,3121, 79, 0
10884,1319, 330, 1
11026,563, 305, 0
11175,5387, 225, 0
11338,5536, 317, 0
11499,1956, 294, 0
11649,18530, 433, 0
11660,6145, 716, 0
11577,38509, 909, 0
11219,4322, 436, 0
11085,3442, 402, 0
10933,15785, 289, 0
10802,21075, 513, 0
10670,583, 386, 0
10534,3602, 445, 1
10419,0, 0, 0
10424,19924, 668, 0
10432,42142, 953, 0
10442,18048, 826, 0
10455,8504, 726, 0
10470,13247, 823, 0
10489,5073, 780, 0
10349,9013, 198, 0
10194,554, 162, 1
10034,5776, 174, 0
9881,1251, 172, 1
9723,4171, 191, 1
9550,1808, 183, 0
9626,5346, 177, 0
9780,91, 156, 0
9937,3752, 147, 0
10094,2082, 131, 0
10269,895, 132, 1
10424,8989, 208, 0
10515,8871, 814, 0
10552,8596, 724, 0
10590,25365, 533, 0
10637,5187, 757, 0
10681,4166, 739, 0
10728,20624, 760, 0
10782,44547, 830, 0
10879,1376, 619, 0
10986,13292, 592, 0
11088,169, 647, 0
11187,14669, 680, 0
11291,13733, 443, 0
11374,5868, 778, 0
11325,1776, 763, 0
11277,13795, 542, 0
11105,51894, 979, 0
10954,12731, 196, 0
10797,4155, 103, 0
10626,817, 152, 0
10468,1078, 176, 0
10313,3851, 93, 0
10154,3365, 172, 0
10009,1226, 94, 1
9834,2808, 99, 1
9677,401, 98, 1
9533,851, 108, 1
9372,2812, 117, 0
9200,1216, 113, 0
9196,12107, 623, 0
9309,5191, 538, 0
9424,3628, 608, 0
9560,5586, 568, 0
9675,18666, 348, 0
9797,2385, 469, 0
9817,7141, 629, 0
9703,26670, 664, 0
9600,561, 653, 0
9509,13976, 480, 0
9403,16715, 458, 0
9304,10460, 655, 0
9209,22237, 413, 0
9060,10272, 333, 0
8915,21362, 434, 0
8760,13207, 290, 0
8617,15845, 339, 0
8470,3393, 364, 0
8340,54363, 0, 0
8392,7337, 697, 1
8810,43876, 474, 0
8877,14066, 638, 0
8946,4677, 689, 0
9015,4463, 699, 0
9088,16769, 571, 1
9054,1158, 406, 0
8917,13085, 295, 0
8783,11979, 477, 0
8648,36475, 596, 0
8517,10059, 479, 0
8372,15401, 509, 1
8350,251, 15, 0
8512,387, 16, 0
8671,112, 13, 0
8846,291, 14, 0
9005,245, 14, 1
9168,11, 13, 0
9319,8061, 613, 0
9412,2824, 640, 0
9514,19372, 737, 0
9624,6817, 606, 0
9727,19331, 619, 0
9842,16609, 664, 0
9929,18627, 894, 0
9940,10994, 616, 0
9953,10432, 820, 0
9971,51297, 965, 0
9990,4327, 681, 0
10012,9076, 659, 0
10035,15556, 820, 0
9953,1529, 659, 0
9859,7107, 679, 1
9760,6474, 613, 0
9666,175, 621, 0
9579,14192, 724, 0
9500,8716, 642, 0
9523,14713, 539, 0
9638,14281, 608, 0
9753,7270, 656, 0
9856,1078, 554, 0
9963,35202, 869, 0
10070,18838, 612, 0
10059,4063, 228, 0
9903,5988, 136, 0
9734,1905, 207, 0
9578,2338, 201, 0
9445,2795, 199, 0
9287,4260, 236, 1
9197,700, 167, 1
9354,4102, 103, 1
9509,14, 154, 0
9700,2500, 144, 0
9858,1317, 168, 0
10011,1354, 151, 0
10160,473, 83, 0
10321,2031, 58, 0
10495,634, 89, 1
10651,1973, 82, 0
10813,2347, 58, 0
10973,275, 83, 0
11133,10404, 0, 0
10973,222, 3, 0
10813,80, 5, 0
10652,127, 6, 0
10481,193, 4, 1
10315,162, 6, 0
10155,171, 7, 0
10076,15682, 513, 0
9999,1215, 634, 0
9928,11101, 773, 0
9861,29827, 386, 0
9794,57774, 976, 0
9726,5047, 755, 0
9696,16758, 760, 1
9679,10577, 788, 0
9664,8102, 829, 0
9652,56010, 1027, 0
9641,3561, 824, 0
9635,13388, 810, 0
9674,31396, 440, 0
9761,28792, 777, 0
9852,4058, 644, 0
9953,19774, 649, 0
10046,737, 626, 0
10140,1253, 655, 0
10168,13267, 317, 0
10024,17775, 519, 0
